ST	gi|360034408|ref|NC_016445.1|_17885	gi|360034408|ref|NC_016445.1|_28297	gi|360034408|ref|NC_016445.1|_36285	gi|360034408|ref|NC_016445.1|_61240	gi|360034408|ref|NC_016445.1|_186210	gi|360034408|ref|NC_016445.1|_187736	gi|360034408|ref|NC_016445.1|_193569	gi|360034408|ref|NC_016445.1|_198263	gi|360034408|ref|NC_016445.1|_221191	gi|360034408|ref|NC_016445.1|_222205	gi|360034408|ref|NC_016445.1|_226591	gi|360034408|ref|NC_016445.1|_228216	gi|360034408|ref|NC_016445.1|_233623	gi|360034408|ref|NC_016445.1|_246552	gi|360034408|ref|NC_016445.1|_252785	gi|360034408|ref|NC_016445.1|_252955	gi|360034408|ref|NC_016445.1|_253246	gi|360034408|ref|NC_016445.1|_273034	gi|360034408|ref|NC_016445.1|_276473	gi|360034408|ref|NC_016445.1|_277220	gi|360034408|ref|NC_016445.1|_287929	gi|360034408|ref|NC_016445.1|_290480	gi|360034408|ref|NC_016445.1|_295523	gi|360034408|ref|NC_016445.1|_309277	gi|360034408|ref|NC_016445.1|_318782	gi|360034408|ref|NC_016445.1|_336160	gi|360034408|ref|NC_016445.1|_351240	gi|360034408|ref|NC_016445.1|_367821	gi|360034408|ref|NC_016445.1|_368215	gi|360034408|ref|NC_016445.1|_377059	gi|360034408|ref|NC_016445.1|_377208	gi|360034408|ref|NC_016445.1|_377211	gi|360034408|ref|NC_016445.1|_403263	gi|360034408|ref|NC_016445.1|_425313	gi|360034408|ref|NC_016445.1|_425316	gi|360034408|ref|NC_016445.1|_425318	gi|360034408|ref|NC_016445.1|_437981	gi|360034408|ref|NC_016445.1|_440093	gi|360034408|ref|NC_016445.1|_448566	gi|360034408|ref|NC_016445.1|_468440	gi|360034408|ref|NC_016445.1|_471222	gi|360034408|ref|NC_016445.1|_486462	gi|360034408|ref|NC_016445.1|_501397	gi|360034408|ref|NC_016445.1|_537402	gi|360034408|ref|NC_016445.1|_538636	gi|360034408|ref|NC_016445.1|_567531	gi|360034408|ref|NC_016445.1|_588278	gi|360034408|ref|NC_016445.1|_593876	gi|360034408|ref|NC_016445.1|_594833	gi|360034408|ref|NC_016445.1|_598761	gi|360034408|ref|NC_016445.1|_626891	gi|360034408|ref|NC_016445.1|_631216	gi|360034408|ref|NC_016445.1|_648708	gi|360034408|ref|NC_016445.1|_649416	gi|360034408|ref|NC_016445.1|_675258	gi|360034408|ref|NC_016445.1|_693021	gi|360034408|ref|NC_016445.1|_763380	gi|360034408|ref|NC_016445.1|_807448	gi|360034408|ref|NC_016445.1|_821006	gi|360034408|ref|NC_016445.1|_845671	gi|360034408|ref|NC_016445.1|_851723	gi|360034408|ref|NC_016445.1|_854526	gi|360034408|ref|NC_016445.1|_878864	gi|360034408|ref|NC_016445.1|_895180	gi|360034408|ref|NC_016445.1|_895792	gi|360034408|ref|NC_016445.1|_916351	gi|360034408|ref|NC_016445.1|_929748	gi|360034408|ref|NC_016445.1|_946420	gi|360034408|ref|NC_016445.1|_975391	gi|360034408|ref|NC_016445.1|_1007602	gi|360034408|ref|NC_016445.1|_1025627	gi|360034408|ref|NC_016445.1|_1040744	gi|360034408|ref|NC_016445.1|_1041498	gi|360034408|ref|NC_016445.1|_1041555	gi|360034408|ref|NC_016445.1|_1045251	gi|360034408|ref|NC_016445.1|_1051744	gi|360034408|ref|NC_016445.1|_1073065	gi|360034408|ref|NC_016445.1|_1096044	gi|360034408|ref|NC_016445.1|_1114517	gi|360034408|ref|NC_016445.1|_1156387	gi|360034408|ref|NC_016445.1|_1160448	gi|360034408|ref|NC_016445.1|_1166506	gi|360034408|ref|NC_016445.1|_1173067	gi|360034408|ref|NC_016445.1|_1201595	gi|360034408|ref|NC_016445.1|_1211153	gi|360034408|ref|NC_016445.1|_1214773	gi|360034408|ref|NC_016445.1|_1229614	gi|360034408|ref|NC_016445.1|_1253897	gi|360034408|ref|NC_016445.1|_1255992	gi|360034408|ref|NC_016445.1|_1257418	gi|360034408|ref|NC_016445.1|_1280248	gi|360034408|ref|NC_016445.1|_1280516	gi|360034408|ref|NC_016445.1|_1294254	gi|360034408|ref|NC_016445.1|_1294990	gi|360034408|ref|NC_016445.1|_1298595	gi|360034408|ref|NC_016445.1|_1321725	gi|360034408|ref|NC_016445.1|_1347940	gi|360034408|ref|NC_016445.1|_1354115	gi|360034408|ref|NC_016445.1|_1393083	gi|360034408|ref|NC_016445.1|_1410244	gi|360034408|ref|NC_016445.1|_1410245	gi|360034408|ref|NC_016445.1|_1410247	gi|360034408|ref|NC_016445.1|_1429430	gi|360034408|ref|NC_016445.1|_1432675	gi|360034408|ref|NC_016445.1|_1450039	gi|360034408|ref|NC_016445.1|_1453326	gi|360034408|ref|NC_016445.1|_1460664	gi|360034408|ref|NC_016445.1|_1465756	gi|360034408|ref|NC_016445.1|_1474983	gi|360034408|ref|NC_016445.1|_1477281	gi|360034408|ref|NC_016445.1|_1479808	gi|360034408|ref|NC_016445.1|_1481813	gi|360034408|ref|NC_016445.1|_1488408	gi|360034408|ref|NC_016445.1|_1493124	gi|360034408|ref|NC_016445.1|_1501721	gi|360034408|ref|NC_016445.1|_1505343	gi|360034408|ref|NC_016445.1|_1506063	gi|360034408|ref|NC_016445.1|_1515973	gi|360034408|ref|NC_016445.1|_1531144	gi|360034408|ref|NC_016445.1|_1535140	gi|360034408|ref|NC_016445.1|_1549875	gi|360034408|ref|NC_016445.1|_1557286	gi|360034408|ref|NC_016445.1|_1569935	gi|360034408|ref|NC_016445.1|_1581662	gi|360034408|ref|NC_016445.1|_1589726	gi|360034408|ref|NC_016445.1|_1589787	gi|360034408|ref|NC_016445.1|_1623337	gi|360034408|ref|NC_016445.1|_1645091	gi|360034408|ref|NC_016445.1|_1655988	gi|360034408|ref|NC_016445.1|_1666454	gi|360034408|ref|NC_016445.1|_1667336	gi|360034408|ref|NC_016445.1|_1675302	gi|360034408|ref|NC_016445.1|_1705648	gi|360034408|ref|NC_016445.1|_1711612	gi|360034408|ref|NC_016445.1|_1713394	gi|360034408|ref|NC_016445.1|_1766888	gi|360034408|ref|NC_016445.1|_1780563	gi|360034408|ref|NC_016445.1|_1789343	gi|360034408|ref|NC_016445.1|_1808575	gi|360034408|ref|NC_016445.1|_1815991	gi|360034408|ref|NC_016445.1|_1822580	gi|360034408|ref|NC_016445.1|_1832006	gi|360034408|ref|NC_016445.1|_1835018	gi|360034408|ref|NC_016445.1|_1886893	gi|360034408|ref|NC_016445.1|_1894915	gi|360034408|ref|NC_016445.1|_1907227	gi|360034408|ref|NC_016445.1|_1911180	gi|360034408|ref|NC_016445.1|_1936754	gi|360034408|ref|NC_016445.1|_1938586	gi|360034408|ref|NC_016445.1|_1947062	gi|360034408|ref|NC_016445.1|_1959497	gi|360034408|ref|NC_016445.1|_1981257	gi|360034408|ref|NC_016445.1|_1985724	gi|360034408|ref|NC_016445.1|_1988947	gi|360034408|ref|NC_016445.1|_2017131	gi|360034408|ref|NC_016445.1|_2023566	gi|360034408|ref|NC_016445.1|_2047941	gi|360034408|ref|NC_016445.1|_2051222	gi|360034408|ref|NC_016445.1|_2051462	gi|360034408|ref|NC_016445.1|_2075495	gi|360034408|ref|NC_016445.1|_2079518	gi|360034408|ref|NC_016445.1|_2123387	gi|360034408|ref|NC_016445.1|_2127297	gi|360034408|ref|NC_016445.1|_2140083	gi|360034408|ref|NC_016445.1|_2190868	gi|360034408|ref|NC_016445.1|_2201865	gi|360034408|ref|NC_016445.1|_2208006	gi|360034408|ref|NC_016445.1|_2214685	gi|360034408|ref|NC_016445.1|_2240940	gi|360034408|ref|NC_016445.1|_2257173	gi|360034408|ref|NC_016445.1|_2257225	gi|360034408|ref|NC_016445.1|_2257558	gi|360034408|ref|NC_016445.1|_2309169	gi|360034408|ref|NC_016445.1|_2309271	gi|360034408|ref|NC_016445.1|_2313974	gi|360034408|ref|NC_016445.1|_2320250	gi|360034408|ref|NC_016445.1|_2349907	gi|360034408|ref|NC_016445.1|_2357097	gi|360034408|ref|NC_016445.1|_2368040	gi|360034408|ref|NC_016445.1|_2376899	gi|360034408|ref|NC_016445.1|_2405353	gi|360034408|ref|NC_016445.1|_2409644	gi|360034408|ref|NC_016445.1|_2414622	gi|360034408|ref|NC_016445.1|_2427187	gi|360034408|ref|NC_016445.1|_2432977	gi|360034408|ref|NC_016445.1|_2447691	gi|360034408|ref|NC_016445.1|_2465819	gi|360034408|ref|NC_016445.1|_2481622	gi|360034408|ref|NC_016445.1|_2502089	gi|360034408|ref|NC_016445.1|_2512126	gi|360034408|ref|NC_016445.1|_2519954	gi|360034408|ref|NC_016445.1|_2526404	gi|360034408|ref|NC_016445.1|_2541675	gi|360034408|ref|NC_016445.1|_2548794	gi|360034408|ref|NC_016445.1|_2604113	gi|360034408|ref|NC_016445.1|_2608003	gi|360034408|ref|NC_016445.1|_2610367	gi|360034408|ref|NC_016445.1|_2630306	gi|360034408|ref|NC_016445.1|_2653395	gi|360034408|ref|NC_016445.1|_2680137	gi|360034408|ref|NC_016445.1|_2687460	gi|360034408|ref|NC_016445.1|_2700119	gi|360034408|ref|NC_016445.1|_2705449	gi|360034408|ref|NC_016445.1|_2710344	gi|360034408|ref|NC_016445.1|_2723193	gi|360034408|ref|NC_016445.1|_2760621	gi|360034408|ref|NC_016445.1|_2771216	gi|360034408|ref|NC_016445.1|_2771730	gi|360034408|ref|NC_016445.1|_2775626	gi|360034408|ref|NC_016445.1|_2775629	gi|360034408|ref|NC_016445.1|_2788558	gi|360034408|ref|NC_016445.1|_2792128	gi|360034408|ref|NC_016445.1|_2800387	gi|360034408|ref|NC_016445.1|_2825521	gi|360034408|ref|NC_016445.1|_2825541	gi|360034408|ref|NC_016445.1|_2851474	gi|360034408|ref|NC_016445.1|_2856863	gi|360034408|ref|NC_016445.1|_2888101	gi|360034408|ref|NC_016445.1|_2890781	gi|360034408|ref|NC_016445.1|_2897853	gi|360034408|ref|NC_016445.1|_2926269	gi|360034408|ref|NC_016445.1|_2931479	gi|360034408|ref|NC_016445.1|_2945993	gi|360034408|ref|NC_016445.1|_2946291	gi|360034408|ref|NC_016445.1|_2947044	gi|360034408|ref|NC_016445.1|_2959897	gi|360034408|ref|NC_016445.1|_2959899	gi|360034408|ref|NC_016445.1|_2959918	gi|360034408|ref|NC_016445.1|_2959921	gi|360034408|ref|NC_016445.1|_2959935	gi|360034408|ref|NC_016445.1|_2959936	gi|360034408|ref|NC_016445.1|_2959939	gi|360034408|ref|NC_016445.1|_2959942	gi|360034408|ref|NC_016445.1|_2959954	gi|360034408|ref|NC_016445.1|_2959966	gi|360034408|ref|NC_016445.1|_2960147	gi|360034408|ref|NC_016445.1|_2960160	gi|360034408|ref|NC_016445.1|_2960164	gi|360034408|ref|NC_016445.1|_2960170	gi|360034408|ref|NC_016445.1|_2960182	gi|360034408|ref|NC_016445.1|_2960203	gi|360034408|ref|NC_016445.1|_2960206	gi|360034408|ref|NC_016445.1|_2960209	gi|360034408|ref|NC_016445.1|_2960212	gi|360034408|ref|NC_016445.1|_2960218	gi|360034408|ref|NC_016445.1|_2960224	gi|360034408|ref|NC_016445.1|_2960246	gi|360034408|ref|NC_016445.1|_2960248	gi|360034408|ref|NC_016445.1|_2960253	gi|360034408|ref|NC_016445.1|_2960254	gi|360034408|ref|NC_016445.1|_2960260	gi|360034408|ref|NC_016445.1|_2960263	gi|360034408|ref|NC_016445.1|_2960271	gi|360034408|ref|NC_016445.1|_2960275	gi|360034408|ref|NC_016445.1|_2960278	gi|360034408|ref|NC_016445.1|_2960281	gi|360034408|ref|NC_016445.1|_2960305	gi|360034408|ref|NC_016445.1|_2960308	gi|360034408|ref|NC_016445.1|_2960311	gi|360034408|ref|NC_016445.1|_2960317	gi|360034408|ref|NC_016445.1|_2960323	gi|360034408|ref|NC_016445.1|_2960326	gi|360034408|ref|NC_016445.1|_2960329	gi|360034408|ref|NC_016445.1|_2960332	gi|360034408|ref|NC_016445.1|_2960338	gi|360034408|ref|NC_016445.1|_2960344	gi|360034408|ref|NC_016445.1|_2960368	gi|360034408|ref|NC_016445.1|_2960375	gi|360034408|ref|NC_016445.1|_2960376	gi|360034408|ref|NC_016445.1|_2960377	gi|360034408|ref|NC_016445.1|_2960392	gi|360034408|ref|NC_016445.1|_2960394	gi|360034408|ref|NC_016445.1|_2960472	gi|360034408|ref|NC_016445.1|_2960497	gi|360034408|ref|NC_016445.1|_2960515	gi|360034408|ref|NC_016445.1|_2960536	gi|360034408|ref|NC_016445.1|_2960590	gi|360034408|ref|NC_016445.1|_2960617	gi|360034408|ref|NC_016445.1|_2960677	gi|360034408|ref|NC_016445.1|_2960689	gi|360034408|ref|NC_016445.1|_2960702	gi|360034408|ref|NC_016445.1|_2960712	gi|360034408|ref|NC_016445.1|_2960729	gi|360034408|ref|NC_016445.1|_2960755	gi|360034408|ref|NC_016445.1|_2960791	gi|360034408|ref|NC_016445.1|_2960794	gi|360034408|ref|NC_016445.1|_2960797	gi|360034408|ref|NC_016445.1|_2960815	gi|360034408|ref|NC_016445.1|_2960872	gi|360034408|ref|NC_016445.1|_2960874	gi|360034408|ref|NC_016445.1|_2960902	gi|360034408|ref|NC_016445.1|_2960908	gi|360034408|ref|NC_016445.1|_2960941	gi|360034408|ref|NC_016445.1|_2960959	gi|360034408|ref|NC_016445.1|_2961019	gi|360034408|ref|NC_016445.1|_2961025	gi|360034408|ref|NC_016445.1|_2961043	gi|360034408|ref|NC_016445.1|_2961088	gi|360034408|ref|NC_016445.1|_2961139	gi|360034408|ref|NC_016445.1|_2969870	gi|360034408|ref|NC_016445.1|_3024067	gi|360037214|ref|NC_016446.1|_7172	gi|360037214|ref|NC_016446.1|_12253	gi|360037214|ref|NC_016446.1|_88052	gi|360037214|ref|NC_016446.1|_88053	gi|360037214|ref|NC_016446.1|_106768	gi|360037214|ref|NC_016446.1|_123501	gi|360037214|ref|NC_016446.1|_139953	gi|360037214|ref|NC_016446.1|_145976	gi|360037214|ref|NC_016446.1|_151125	gi|360037214|ref|NC_016446.1|_173325	gi|360037214|ref|NC_016446.1|_185487	gi|360037214|ref|NC_016446.1|_194840	gi|360037214|ref|NC_016446.1|_265159	gi|360037214|ref|NC_016446.1|_267191	gi|360037214|ref|NC_016446.1|_269015	gi|360037214|ref|NC_016446.1|_269599	gi|360037214|ref|NC_016446.1|_273003	gi|360037214|ref|NC_016446.1|_277603	gi|360037214|ref|NC_016446.1|_310431	gi|360037214|ref|NC_016446.1|_319690	gi|360037214|ref|NC_016446.1|_321263	gi|360037214|ref|NC_016446.1|_339492	gi|360037214|ref|NC_016446.1|_340232	gi|360037214|ref|NC_016446.1|_386383	gi|360037214|ref|NC_016446.1|_405432	gi|360037214|ref|NC_016446.1|_424086	gi|360037214|ref|NC_016446.1|_478016	gi|360037214|ref|NC_016446.1|_504690	gi|360037214|ref|NC_016446.1|_540301	gi|360037214|ref|NC_016446.1|_578989	gi|360037214|ref|NC_016446.1|_585045	gi|360037214|ref|NC_016446.1|_590459	gi|360037214|ref|NC_016446.1|_621577	gi|360037214|ref|NC_016446.1|_639213	gi|360037214|ref|NC_016446.1|_663294	gi|360037214|ref|NC_016446.1|_689700	gi|360037214|ref|NC_016446.1|_690531	gi|360037214|ref|NC_016446.1|_733883	gi|360037214|ref|NC_016446.1|_733885	gi|360037214|ref|NC_016446.1|_738160	gi|360037214|ref|NC_016446.1|_748299	gi|360037214|ref|NC_016446.1|_752171	gi|360037214|ref|NC_016446.1|_764458	gi|360037214|ref|NC_016446.1|_793414	gi|360037214|ref|NC_016446.1|_797888	gi|360037214|ref|NC_016446.1|_803525	gi|360037214|ref|NC_016446.1|_815062	gi|360037214|ref|NC_016446.1|_815196	gi|360037214|ref|NC_016446.1|_835798	gi|360037214|ref|NC_016446.1|_844326	gi|360037214|ref|NC_016446.1|_916594	gi|360037214|ref|NC_016446.1|_945952	gi|360037214|ref|NC_016446.1|_959430	gi|360037214|ref|NC_016446.1|_976144	gi|360037214|ref|NC_016446.1|_1019952	gi|360037214|ref|NC_016446.1|_1033670	gi|360037214|ref|NC_016446.1|_1038795	gi|360037214|ref|NC_016446.1|_1039490	gi|360037214|ref|NC_016446.1|_1043179
1	T	A	G	G	A	T	C	C	C	A	T	T	G	T	C	T	A	T	T	T	G	G	A	C	G	A	G	T	G	A	C	T	T	T	A	T	T	T	C	A	G	T	T	T	A	T	T	A	T	C	T	C	T	G	T	G	C	T	C	A	G	C	T	G	T	C	T	T	C	T	G	A	G	T	A	T	C	G	A	T	T	G	T	T	T	C	G	A	G	A	A	C	T	G	A	G	T	A	A	G	T	G	C	C	A	A	G	C	T	G	C	T	C	A	T	C	C	T	T	A	C	C	A	A	A	A	T	G	C	C	C	T	T	C	A	C	A	C	G	G	G	T	G	A	T	G	A	C	T	G	G	C	T	G	A	G	T	T	G	A	C	A	A	T	A	G	T	T	G	C	G	G	A	T	G	C	A	G	A	T	A	T	G	A	C	T	C	T	G	G	G	G	A	T	C	T	G	T	A	T	T	A	C	C	T	A	A	T	A	C	C	C	C	G	T	G	A	A	A	C	T	T	T	C	C	A	T	T	G	T	G	G	T	C	T	T	T	T	T	C	A	A	C	A	A	G	G	T	T	T	T	C	T	G	G	A	C	G	A	T	T	A	C	T	T	T	A	T	T	T	G	G	A	A	A	T	T	A	C	C	C	T	T	C	T	T	G	G	A	A	G	T	G	T	T	G	T	T	C	G	G	C	C	T	G	T	T	C	C	A	G	A	A	C	G	C	T	A	A	G	T	G	A	C	T	A	A	A	T	A	T	C	C	A	C	C	C	T	G	T	G	A	C	T	T	C	T	A	C	T	G	A	T	G	T	C	A	A	G	T
2	T	A	G	G	A	T	C	C	C	A	T	T	G	T	C	T	A	T	T	T	G	G	A	C	G	A	G	T	G	A	C	T	T	T	A	T	T	T	C	A	G	T	T	T	T	T	T	A	T	C	T	C	T	G	T	G	T	T	C	A	G	C	T	G	T	T	T	T	C	C	G	A	G	T	A	T	C	G	A	T	T	G	T	T	T	C	G	A	G	A	A	C	T	G	A	G	T	A	A	C	G	C	C	C	C	G	G	C	T	G	T	T	C	A	T	C	C	T	T	A	C	C	C	C	A	A	T	G	C	C	C	T	T	C	A	C	A	C	G	G	G	T	G	A	T	G	A	T	T	G	G	C	T	G	A	A	T	T	A	A	C	A	A	T	A	G	T	T	G	C	G	G	A	T	G	C	A	G	A	T	G	T	G	A	C	T	C	T	G	G	G	G	A	T	C	T	G	T	A	T	G	A	C	C	T	A	A	T	A	C	C	C	C	G	T	G	A	A	A	C	T	C	T	C	C	A	T	T	G	T	G	G	T	C	T	T	T	T	T	C	A	A	C	A	A	G	G	T	T	T	T	C	T	G	G	A	C	G	A	T	T	A	C	T	T	T	A	T	T	T	G	G	A	A	A	T	T	A	C	C	C	T	T	C	T	T	G	G	A	A	G	T	G	T	T	G	T	T	C	G	G	C	C	T	G	T	T	C	C	A	G	A	A	C	G	C	C	A	C	G	T	G	A	C	T	A	A	A	T	A	T	C	C	A	C	C	C	T	G	T	G	A	C	T	T	C	T	A	C	T	G	A	T	G	T	C	A	A	G	T
3	T	A	G	G	A	T	C	C	C	A	T	T	G	T	C	T	A	T	T	T	G	G	A	C	G	A	G	T	G	A	C	T	T	T	A	T	T	T	C	A	G	T	T	T	A	T	T	A	T	C	T	C	T	G	T	G	C	T	C	A	G	C	T	G	T	C	T	T	C	T	G	A	G	T	A	T	C	G	A	T	T	G	T	T	T	C	G	A	G	A	A	C	T	G	A	G	T	A	A	C	G	C	C	C	A	A	G	C	T	G	C	T	C	A	T	C	C	T	T	A	C	C	A	A	A	A	T	G	C	C	C	T	T	C	A	C	A	C	G	G	G	T	G	A	T	G	A	C	T	G	G	C	T	G	A	G	T	T	G	A	C	A	A	T	A	G	T	T	G	C	G	G	A	T	G	C	A	G	A	T	A	T	G	A	C	T	C	T	G	G	G	G	A	T	C	T	G	T	A	T	T	A	C	C	T	A	A	T	A	C	C	C	C	G	T	G	A	A	A	C	T	T	T	C	C	A	T	T	G	T	G	G	T	C	T	T	T	T	T	C	A	A	C	A	A	G	G	T	T	T	T	C	T	G	G	A	C	G	A	T	T	A	C	T	T	T	A	T	T	T	G	G	A	A	A	T	T	A	C	C	C	T	T	C	T	T	G	G	A	A	G	T	G	T	T	G	T	T	C	G	G	C	C	T	G	T	T	C	C	A	G	A	A	C	G	C	T	A	A	G	T	G	A	C	T	A	A	A	T	A	T	C	C	A	C	C	C	T	G	T	G	A	C	T	T	C	T	A	C	T	G	A	T	G	T	C	A	A	G	T
4	T	A	G	G	A	T	C	C	C	A	T	T	G	T	C	T	A	T	T	T	G	G	A	C	G	A	G	T	G	A	C	T	T	T	A	T	T	T	C	A	G	T	T	T	A	T	T	A	T	C	T	C	T	G	T	G	C	T	C	A	G	C	T	G	T	C	T	T	C	T	G	A	G	T	A	T	C	G	A	T	T	G	T	T	T	C	G	A	G	A	A	C	T	G	A	G	T	A	A	C	G	C	C	C	A	A	G	T	T	G	C	T	C	A	T	C	C	T	T	A	C	C	A	A	A	A	T	G	C	C	C	T	T	C	A	C	A	C	G	G	G	T	G	A	T	G	A	C	T	G	G	C	T	G	A	G	T	T	G	A	C	A	A	T	A	G	T	T	G	C	G	G	A	T	G	C	A	G	A	T	A	T	G	A	C	T	C	T	G	G	G	G	G	T	C	T	G	T	A	T	T	A	C	C	T	A	A	T	A	C	C	C	C	G	T	G	A	A	A	C	T	T	T	C	C	A	T	T	G	T	G	G	T	C	T	T	T	T	T	C	A	A	C	A	A	G	G	T	T	T	T	C	T	G	G	A	C	G	A	T	T	A	C	T	T	T	A	T	T	T	G	G	A	A	A	T	T	A	C	C	C	T	T	C	T	T	G	G	A	A	G	T	G	T	T	G	T	T	C	G	G	C	C	T	G	T	T	C	C	A	G	A	A	C	G	C	T	A	A	G	T	G	A	C	T	A	A	A	T	A	T	C	C	A	C	C	C	T	G	T	G	A	C	T	T	C	T	A	C	T	G	A	T	G	T	C	A	A	G	T
5	T	A	G	G	A	T	C	C	C	A	T	T	G	T	C	T	A	T	T	T	G	G	A	C	G	A	G	T	G	A	C	T	T	T	A	T	T	T	C	A	G	T	T	T	T	T	T	A	T	C	T	C	T	A	T	G	C	T	C	A	G	C	T	G	T	T	T	T	T	C	G	A	G	T	A	T	T	G	A	T	T	G	T	T	T	C	G	A	G	A	A	C	T	G	A	G	T	A	A	C	G	C	C	C	C	G	G	C	G	G	T	T	C	A	T	C	C	T	T	A	C	C	C	C	A	A	T	G	C	C	C	T	T	C	A	C	A	C	G	G	G	C	G	T	T	G	A	T	T	G	G	C	T	G	A	G	T	T	A	A	C	A	A	T	A	G	T	T	A	C	G	G	A	T	G	C	A	G	A	T	G	T	G	A	C	T	C	T	G	G	G	G	A	T	C	T	G	T	A	T	T	A	C	C	T	A	A	T	A	C	C	C	C	G	T	G	A	A	A	C	T	T	T	C	C	A	T	T	G	T	G	G	T	C	T	T	T	T	T	C	A	A	C	A	A	G	G	T	T	T	T	C	T	G	G	A	C	G	A	T	T	A	C	T	T	T	A	T	T	T	G	G	A	A	A	T	T	A	C	C	C	T	T	C	T	T	G	G	A	A	G	T	G	T	T	G	T	T	C	G	T	C	C	T	G	A	T	C	T	A	G	A	A	C	G	C	C	A	C	G	T	G	A	C	T	A	A	A	T	A	T	C	C	A	T	C	C	T	G	T	G	A	C	T	T	C	T	A	C	T	G	A	T	G	T	C	A	A	G	T
6	T	A	G	G	A	T	C	C	C	A	T	T	G	T	C	T	A	T	T	T	G	G	A	C	G	A	G	T	G	A	C	T	T	T	A	T	T	G	C	A	G	T	T	T	A	T	T	A	T	C	T	C	T	G	T	G	C	T	C	A	A	C	T	G	T	C	T	T	C	T	G	A	G	T	A	G	C	G	A	T	T	G	G	T	T	T	G	A	G	A	A	C	T	G	A	G	T	G	A	C	G	C	C	C	A	G	G	C	T	G	C	A	C	A	T	C	C	T	T	A	C	C	C	A	A	A	T	G	C	C	C	T	T	C	A	C	A	C	G	G	G	T	G	A	T	G	A	T	T	G	G	C	T	G	A	G	C	T	G	A	C	A	A	T	A	G	T	T	G	C	G	G	A	T	G	C	A	G	A	T	G	T	A	A	C	T	C	T	A	G	G	G	A	T	T	T	G	T	A	T	T	A	C	C	T	A	A	T	A	C	C	C	C	G	T	G	A	A	A	C	T	T	T	C	C	A	T	T	G	T	G	G	T	C	T	T	T	T	T	C	A	A	C	A	A	G	G	T	T	T	T	C	T	G	G	A	C	G	A	T	T	A	C	T	T	T	A	T	T	T	G	G	A	A	A	T	T	A	C	C	C	T	T	C	T	T	G	G	A	A	G	T	G	T	T	G	T	T	C	G	G	C	C	T	G	T	T	C	C	A	G	A	A	C	G	C	T	A	C	G	T	G	A	C	T	A	A	A	T	A	T	C	C	A	C	C	C	T	G	T	G	A	C	T	T	C	T	A	C	T	G	A	T	G	T	C	A	A	G	T
7	G	A	A	G	G	G	T	T	A	G	C	A	A	C	G	G	C	G	T	C	G	G	G	C	G	T	G	C	A	G	T	C	C	G	G	G	T	T	C	A	G	G	C	C	A	T	G	G	T	T	C	C	G	G	C	T	C	G	C	G	G	C	A	A	G	C	T	A	C	T	A	G	A	G	C	G	C	G	G	C	A	G	T	G	C	C	G	G	A	C	G	A	C	G	G	G	T	G	G	C	G	C	T	C	A	G	A	C	T	T	C	T	T	C	T	T	T	C	C	C	C	C	C	A	G	A	T	C	T	C	A	C	C	C	A	T	C	C	A	G	A	T	A	A	C	A	C	T	T	G	A	C	C	A	C	G	C	G	G	G	C	G	G	G	G	G	C	C	G	C	A	T	G	A	A	T	G	G	G	C	G	C	A	C	C	G	G	C	G	T	A	A	A	C	C	C	T	T	A	C	T	G	T	T	C	G	A	C	C	T	A	T	T	A	G	A	G	G	T	C	G	T	A	A	C	G	A	C	A	G	A	A	A	T	A	A	C	G	C	T	T	G	A	G	G	A	T	A	C	A	C	T	C	A	A	G	T	A	T	C	C	G	T	C	C	C	G	C	C	A	C	A	G	C	C	G	G	G	T	T	T	C	A	T	C	A	A	A	G	T	T	C	A	C	A	A	C	C	A	A	G	T	T	C	A	T	C	T	C	G	C	G	G	C	A	C	T	G	C	G	T	A	G	T	G	G	C	C	C	A	C	T	G	A	C	C	C	T	A	A	A	G	T	G	G	T	C	C	T	C	A	G	C	G	G	T	G	A	A	G
8	T	G	G	T	A	T	C	C	C	G	T	T	G	T	C	T	A	T	C	C	G	A	A	C	G	A	G	T	G	A	C	T	T	T	A	T	T	T	A	G	A	T	T	C	A	T	T	A	T	C	T	C	T	G	T	G	C	T	T	A	G	C	T	G	G	C	C	T	C	T	G	G	G	G	A	G	C	A	A	C	T	A	T	T	C	C	G	G	G	A	G	C	T	C	A	A	G	G	A	C	G	C	C	T	A	G	G	C	T	G	C	T	C	A	T	C	C	T	C	A	T	C	C	A	A	T	G	G	C	A	C	C	T	C	G	C	A	T	G	A	G	T	G	A	C	G	A	T	A	G	G	C	T	G	A	G	C	T	G	A	A	A	A	G	A	A	T	T	G	C	G	G	A	T	G	C	A	G	A	T	G	T	A	A	C	T	C	C	G	G	G	G	A	T	C	T	G	T	G	T	T	G	C	C	T	A	A	T	A	C	C	T	C	G	T	G	A	A	A	C	T	T	T	C	C	A	T	T	G	T	G	G	T	C	T	T	T	T	T	C	A	A	C	A	A	G	G	T	T	T	T	C	T	G	G	A	C	G	A	T	T	A	C	T	T	T	A	T	T	T	G	G	A	A	A	T	T	A	C	C	C	T	T	C	T	T	G	G	A	A	G	T	G	T	T	G	T	T	C	G	G	C	C	T	G	T	C	C	C	A	G	A	A	T	G	C	T	A	C	G	T	G	A	C	G	G	A	A	T	G	T	C	C	C	C	C	T	C	G	T	G	A	C	T	T	C	T	C	C	T	G	A	T	A	G	C	A	G	G	T
9	T	A	G	G	A	T	C	C	C	A	T	T	G	T	C	T	A	T	T	T	G	G	A	C	G	A	G	T	G	A	C	T	T	T	A	T	T	T	C	A	G	T	T	T	A	T	T	A	T	C	T	C	T	G	T	G	C	T	C	A	G	C	T	G	T	C	T	T	C	T	G	A	G	T	A	T	C	G	A	T	T	G	T	T	T	C	G	A	G	A	A	C	T	G	A	G	T	A	A	C	G	C	C	C	A	A	G	C	T	G	C	T	C	A	T	C	C	T	T	A	C	C	A	A	A	A	T	G	C	C	C	T	T	C	A	C	A	C	G	G	G	T	G	A	T	G	A	C	T	G	G	C	T	G	A	G	T	T	G	A	C	A	A	T	A	G	T	T	G	T	G	G	A	T	G	C	A	G	A	T	A	T	G	A	C	T	C	T	G	G	G	G	A	T	C	T	G	T	A	T	T	A	C	C	T	A	A	T	A	C	C	C	C	G	T	G	A	A	A	C	T	T	T	C	C	A	T	T	G	T	G	G	T	C	T	T	T	T	T	C	A	A	C	A	A	G	G	T	T	T	T	C	T	G	G	A	C	G	A	T	T	A	C	T	T	T	A	T	T	T	G	G	A	A	A	T	T	A	C	C	C	T	T	C	T	T	G	G	A	A	G	T	G	T	T	G	T	T	C	G	G	C	C	T	G	T	T	C	C	A	G	A	A	C	G	C	T	A	A	G	T	G	A	C	T	A	A	A	T	A	T	C	C	A	C	T	C	T	G	T	G	A	C	T	T	C	T	A	C	T	G	A	T	G	T	C	A	A	G	T
10	T	A	G	G	A	T	C	C	C	A	T	T	G	T	C	T	A	T	T	T	G	G	A	C	G	A	G	T	G	A	C	T	T	T	A	T	G	T	C	A	G	T	T	T	A	T	T	A	T	C	T	C	T	G	T	G	C	T	C	A	G	C	T	G	T	C	T	T	C	T	G	A	G	T	A	T	C	G	A	T	T	G	T	T	T	C	A	A	G	A	A	C	T	G	A	G	T	A	A	C	G	C	C	C	A	G	G	C	T	G	C	T	C	A	T	C	C	T	T	A	C	C	C	A	A	A	T	G	C	C	C	T	T	C	A	C	A	C	G	G	G	T	G	A	T	G	A	T	T	G	G	A	T	G	A	G	T	T	G	A	C	A	A	T	A	G	T	T	G	C	G	G	A	T	G	C	A	T	A	T	G	T	G	A	C	T	C	T	G	G	G	G	A	T	C	T	G	G	A	T	T	A	C	C	T	A	A	T	A	C	C	C	C	G	T	G	A	A	A	T	T	T	T	C	C	A	T	T	G	T	G	G	T	C	T	T	T	T	T	C	A	A	C	A	A	G	G	T	T	T	T	C	T	G	G	A	C	G	A	T	T	A	C	T	T	T	A	T	T	T	G	G	A	A	A	T	T	A	C	C	C	T	T	C	T	T	G	G	A	A	G	T	G	T	T	G	T	T	C	G	G	C	C	T	G	T	T	C	C	A	G	A	A	C	G	C	T	A	C	G	A	G	A	C	T	A	A	A	T	A	T	C	C	A	C	C	C	T	G	T	G	A	C	T	T	C	T	A	C	T	G	A	T	G	T	C	A	A	G	T
11	T	A	G	G	A	T	C	C	C	A	T	T	G	T	C	T	A	T	T	T	T	G	A	C	G	A	G	T	G	A	C	T	T	T	A	T	G	T	C	A	G	T	T	T	A	T	T	A	T	C	T	C	T	G	T	G	C	T	C	A	G	C	T	G	T	C	T	T	C	T	G	A	G	T	A	T	C	G	A	T	T	G	T	T	T	C	A	A	G	A	A	C	T	G	A	G	T	A	A	C	G	C	C	C	A	G	G	C	T	G	C	T	C	A	T	C	C	T	T	A	C	C	C	A	A	A	T	G	C	C	C	T	T	C	A	C	A	C	G	G	G	T	G	A	T	G	A	T	T	G	G	A	T	G	A	G	T	T	G	A	C	A	A	T	A	G	T	T	G	C	G	G	A	T	G	C	A	T	A	T	G	T	G	A	C	T	C	T	G	G	G	G	A	T	C	T	G	G	A	T	T	A	C	C	T	A	A	T	A	C	C	C	C	G	T	G	A	A	A	T	T	T	T	C	C	A	T	T	G	T	G	G	T	C	T	T	T	T	T	C	A	A	C	A	A	G	G	T	T	T	T	C	T	G	G	A	C	G	A	T	T	A	C	T	T	T	A	T	T	T	G	G	A	A	A	T	T	A	C	C	C	T	T	C	T	T	G	G	A	A	G	T	G	T	T	G	T	T	C	G	G	C	C	T	G	T	T	C	C	A	G	A	A	C	G	C	T	A	C	G	A	G	A	C	T	A	A	A	T	A	T	C	C	A	C	C	C	T	G	T	G	A	C	T	T	C	T	A	C	T	G	A	T	G	T	C	A	A	G	T
12	T	A	G	G	A	T	C	C	C	A	T	T	G	T	C	T	A	T	T	T	G	G	A	A	G	A	A	T	G	A	C	T	T	T	A	T	T	T	C	A	G	T	T	T	A	T	T	A	G	C	T	A	T	G	T	G	C	T	C	A	G	A	T	G	T	C	T	T	C	T	G	A	G	T	A	G	C	G	A	T	T	G	T	T	T	C	G	A	G	A	A	C	T	G	A	G	T	G	A	C	G	C	C	C	A	G	G	C	T	G	C	T	C	A	A	C	C	T	T	A	C	T	C	A	A	A	T	G	C	C	C	T	T	T	A	C	A	C	G	G	G	T	G	A	T	G	A	T	T	A	G	C	T	G	A	G	C	T	G	A	C	A	A	T	A	G	T	T	G	C	G	G	A	T	G	C	A	G	A	T	G	T	A	A	T	T	C	T	G	G	G	G	A	T	C	T	G	T	A	T	T	A	C	C	T	A	A	T	A	C	C	C	C	G	T	G	A	A	A	C	T	T	T	C	T	A	T	T	G	T	G	G	T	C	T	T	T	T	T	C	A	A	C	A	A	G	G	T	T	T	T	C	T	G	G	A	C	G	A	T	T	A	C	T	T	T	A	T	T	T	G	G	A	A	A	T	T	A	C	C	C	T	T	C	T	T	G	G	A	A	G	T	G	T	T	G	T	T	C	G	G	C	C	T	G	T	T	C	C	A	G	A	A	C	G	T	T	A	C	A	T	G	A	C	T	A	A	A	T	A	T	C	C	A	C	C	C	T	G	T	G	A	C	T	T	C	T	A	C	T	G	A	T	G	T	C	A	A	G	T
13	T	A	G	G	A	T	C	C	C	A	T	T	G	T	C	T	A	T	T	T	G	G	A	C	G	A	G	T	G	A	C	T	T	T	A	T	T	T	C	A	G	T	T	T	A	T	T	A	T	C	T	C	T	G	T	G	C	T	C	A	G	C	T	G	T	C	T	T	C	T	G	A	G	T	A	T	C	G	A	T	T	G	T	T	T	C	G	A	G	A	A	C	T	G	A	G	T	A	A	C	G	C	C	C	A	A	G	C	T	G	C	T	C	A	T	C	C	T	T	A	C	C	A	A	A	A	T	G	C	C	C	T	T	C	A	C	A	C	G	G	G	T	G	A	T	G	A	C	T	G	G	C	T	G	A	G	T	T	G	A	C	A	A	T	A	G	T	T	G	T	G	G	A	T	G	C	A	G	A	T	A	T	G	A	C	T	C	T	G	G	G	G	A	T	C	T	G	T	A	T	T	A	C	C	T	A	A	T	A	C	C	C	C	G	T	G	A	A	A	C	T	T	T	C	C	A	T	T	G	T	G	G	T	C	T	T	T	T	T	C	A	A	C	A	A	G	G	T	T	T	T	C	T	G	G	A	C	G	A	T	T	A	C	T	T	T	A	T	T	T	G	G	A	A	A	T	T	A	C	C	C	T	T	C	T	T	G	G	A	A	G	T	G	T	T	G	T	T	C	G	G	C	C	T	G	T	T	C	C	A	G	A	A	C	G	C	T	A	A	G	T	G	A	C	T	A	A	A	T	A	T	C	C	A	C	C	C	T	G	T	G	A	C	T	T	C	T	A	C	T	G	A	T	G	T	C	A	A	G	T
14	T	A	G	G	A	T	C	C	C	A	T	T	G	T	C	T	A	T	T	T	G	G	A	C	G	A	G	T	G	A	C	T	T	T	A	T	T	T	C	A	G	T	T	T	A	G	T	A	T	C	T	C	T	G	T	G	C	T	C	A	G	C	T	G	T	C	T	T	C	T	G	A	G	T	A	T	C	G	A	T	T	G	T	T	T	C	G	A	G	A	A	C	T	G	A	G	T	A	A	C	G	C	C	C	A	A	G	C	T	G	C	T	C	A	T	C	C	T	T	A	C	C	A	A	A	A	T	G	C	C	C	T	T	C	A	C	A	C	G	G	G	T	G	A	T	G	A	C	T	G	G	C	T	G	A	G	T	T	G	A	C	A	A	T	A	G	T	T	G	T	G	G	A	T	G	C	A	G	A	T	A	T	G	A	C	T	C	T	G	G	G	G	A	T	C	T	G	T	A	T	T	A	C	C	T	A	A	T	A	C	C	C	C	G	T	G	A	A	A	C	T	T	T	C	C	A	T	T	G	T	G	G	T	C	T	T	T	T	T	C	A	A	C	A	A	G	G	T	T	T	T	C	T	G	G	A	C	G	A	T	T	A	C	T	T	T	A	T	T	T	G	G	A	A	A	T	T	A	C	C	C	T	T	C	T	T	G	G	A	A	G	T	G	T	T	G	T	T	C	G	G	C	C	T	G	T	T	C	C	A	G	A	A	C	G	C	T	A	A	G	T	G	A	C	T	A	A	A	T	A	T	C	C	A	C	C	C	T	G	T	G	A	C	T	T	C	T	A	C	T	G	A	T	G	T	C	A	A	G	T
15	T	A	G	G	A	T	C	C	C	A	T	T	G	T	C	T	A	T	T	T	G	G	A	A	A	A	A	T	G	A	C	T	T	T	A	T	T	T	C	A	G	T	T	T	A	T	T	A	G	C	T	A	T	G	T	G	C	T	C	A	G	A	T	G	T	C	T	T	C	T	G	A	G	T	A	G	C	G	A	T	T	G	T	T	T	C	G	A	G	A	A	C	T	G	A	G	T	G	A	C	G	C	C	C	A	G	G	C	T	G	C	T	C	A	A	C	C	T	T	A	C	T	C	A	A	A	T	G	C	C	C	T	T	T	A	C	A	C	G	G	G	T	G	A	T	G	A	T	T	A	G	C	T	G	A	G	C	T	G	A	C	A	A	T	A	G	T	T	G	C	G	G	A	T	G	C	A	G	A	T	G	T	A	A	T	T	C	T	G	G	G	G	A	T	C	T	G	T	A	T	T	A	C	C	T	A	G	T	A	C	C	C	C	G	T	G	A	A	A	C	T	T	T	C	T	A	T	T	G	T	G	G	T	C	T	T	T	T	T	C	A	A	C	A	A	G	G	T	T	T	T	C	T	G	G	A	C	G	A	T	T	A	C	T	T	T	A	T	T	T	G	G	A	A	A	T	T	A	C	C	C	T	T	C	T	T	G	G	A	A	G	T	G	T	T	G	T	T	C	G	G	C	C	T	G	T	T	C	C	A	G	A	A	C	G	T	T	A	C	A	T	G	A	C	T	A	A	A	T	A	T	C	C	A	C	C	C	T	G	T	G	A	C	T	T	C	T	A	C	T	G	A	T	G	T	C	A	A	G	T
